id;process_instance_id;process_id;process_name
1;83411;Personal Global;Northwest
2;37038;Hatchback;Uruguayo Buckinghamshire Gasoline
3;51875;magnetic Texas;steradian invoice Industrial
4;34542;Calcium Nickel;rerum Architect North
5;54997;Cambridge International overlooked;Networked Arturo Jeep
6;55584;perform Tasty plus;East Northwest
7;289;Concrete Cadillac Associate;foreground Cambridgeshire
8;30517;woot female;navigating Security
9;45755;integrated Philippines;SCSI Generic
10;22945;Computers;mobile
